{"cameraMode":{"drawMode":0,"name":"Shaded","section":"Shading Mode"},"sceneLighting":false,"audioPlay":false,"sceneViewState":{"m_AlwaysRefresh":false,"showFog":true,"showSkybox":false,"showFlares":true,"showImageEffects":true,"showParticleSystems":true,"showVisualEffectGraphs":true,"m_FxEnabled":true},"in2DMode":false,"pivot":{"x":0.5559627413749695,"y":0.7167726159095764,"z":0.03819974139332771},"rotation":{"x":0.2421216517686844,"y":0.36957207322120669,"z":-0.10037490725517273,"w":0.8914712071418762},"size":1.9087258577346802,"orthographic":true}